"contact_id","last_name","first_name","pledged","category_id","category","subcategory_id","subcategory"
3411,"Flores","Casey","199110.0","cat5","film & video","subcat5","documentary"
1791,"Arellano","Ludovica","198628.0","cat2","music","subcat2","rock"
3041,"Linares","Severino","197728.0","cat6","publishing","subcat19","translations"
3903,"Guardado","Cornelio","197024.0","cat4","theater","subcat4","plays"
3181,"Guyot","Roberto","197018.0","cat4","theater","subcat4","plays"
1373,"Castillo","Cindy","196960.0","cat2","music","subcat6","electric music"
3533,"Wright","Modesto","196779.0","cat5","film & video","subcat5","documentary"
3169,"Ullrich","Stella","196386.0","cat3","technology","subcat3","web"
2951,"Striebitz","Olivia","196377.0","cat4","theater","subcat4","plays"
6142,"Leconte","Tom","195936.0","cat5","film & video","subcat20","television"
4253,"Howell","Jason","195750.0","cat4","theater","subcat4","plays"
1926,"Bernardi","Darren","194912.0","cat4","theater","subcat4","plays"
1939,"Vigliotti","Susan","194309.0","cat6","publishing","subcat14","fiction"
2350,"Reuter","Claudio","194166.0","cat4","theater","subcat4","plays"
1834,"Figueroa","Perla","193820.0","cat4","theater","subcat4","plays"
4376,"Laine","Josette","193413.0","cat4","theater","subcat4","plays"
5139,"Knight","Grit","193101.0","cat2","music","subcat6","electric music"
2676,"Adams","Sam","192292.0","cat4","theater","subcat4","plays"
5230,"Thanel","Gebhard","191222.0","cat4","theater","subcat4","plays"
3813,"Marenzio","Amalia","189666.0","cat4","theater","subcat4","plays"
3753,"Barrera","Zeferino","189192.0","cat6","publishing","subcat10","nonfiction"
4732,"Lang","Henriette","188982.0","cat2","music","subcat2","rock"
3463,"Howard","Geza","188721.0","cat4","theater","subcat4","plays"
4994,"Hunt","Stewart","188628.0","cat5","film & video","subcat7","drama"
5179,"Patrick","Gunar","188480.0","cat5","film & video","subcat11","animation"
2239,"Ferguson","Jared","188404.0","cat5","film & video","subcat5","documentary"
4388,"Aponte","Eleni","188288.0","cat5","film & video","subcat11","animation"
1879,"Thibault","Hiltrud","188057.0","cat3","technology","subcat9","wearables"
3847,"Olmos","Hermelinda","186885.0","cat5","film & video","subcat23","science fiction"
2329,"Prieto","Mariano","184750.0","cat4","theater","subcat4","plays"
3848,"Rossi","Nicola","184658.0","cat6","publishing","subcat14","fiction"
2077,"Watts","Cilli","184086.0","cat2","music","subcat8","indie rock"
1935,"Fonseca","Omar","183756.0","cat4","theater","subcat4","plays"
1794,"Bourgeois","Heiko","183345.0","cat4","theater","subcat4","plays"
4666,"Pugh","Annalisa","182302.0","cat2","music","subcat2","rock"
6141,"Bartlett","Kristy","182036.0","cat2","music","subcat2","rock"
4465,"Briand","Genaro","180802.0","cat2","music","subcat2","rock"
5019,"Fischer","Celal","180667.0","cat1","food","subcat1","food trucks"
3069,"Mallet","Loretta","179356.0","cat4","theater","subcat4","plays"
1792,"Snow","Anne","179074.0","cat4","theater","subcat4","plays"
4333,"Beyer","Gastone","178965.0","cat4","theater","subcat4","plays"
1742,"Luzi","Giustino","178483.0","cat2","music","subcat2","rock"
1725,"Perrin","Svenja","178338.0","cat7","games","subcat12","video games"
5110,"Tapia","Meryem","178120.0","cat4","theater","subcat4","plays"
3219,"Nohlmans","Carole","177936.0","cat2","music","subcat17","metal"
3025,"Fraser","Herbert","176398.0","cat2","music","subcat2","rock"
3694,"Villarreal","Frida","176112.0","cat4","theater","subcat4","plays"
3401,"Huynh","Marta","175868.0","cat2","music","subcat2","rock"
1276,"Stein","Gioffre","175573.0","cat2","music","subcat8","indie rock"
3522,"Roman","Alfio","175020.0","cat4","theater","subcat4","plays"
4768,"Gracia","Manuel","175015.0","cat4","theater","subcat4","plays"
5637,"Martineau","Irina","174039.0","cat5","film & video","subcat13","shorts"
1640,"Montenegro","Milan","173437.0","cat1","food","subcat1","food trucks"
4466,"Pininfarina","Damaris","173191.0","cat8","photography","subcat15","photography books"
3691,"Delgadillo","Monique","172736.0","cat3","technology","subcat9","wearables"
1669,"Scholl","Leonid","171729.0","cat6","publishing","subcat10","nonfiction"
2969,"Pottier","Benita","171549.0","cat2","music","subcat8","indie rock"
3006,"Lowery","Abril","170623.0","cat2","music","subcat8","indie rock"
1620,"Pages","Valentina","169586.0","cat2","music","subcat8","indie rock"
5512,"Santiago","Jerry","168820.0","cat4","theater","subcat4","plays"
4605,"Gardner","Philippe","168095.0","cat6","publishing","subcat19","translations"
3999,"Espino","Marcus","168048.0","cat6","publishing","subcat10","nonfiction"
4064,"Rivera","Tyler","167717.0","cat6","publishing","subcat16","radio & podcasts"
3234,"Mena","Kata","167005.0","cat2","music","subcat2","rock"
3666,"Serrano","Alexandre","166874.0","cat4","theater","subcat4","plays"
6151,"Wilson","Pedro","166116.0","cat3","technology","subcat3","web"
3309,"Kidd","Hanne","165954.0","cat5","film & video","subcat20","television"
1349,"Jacquot","Carlo","165798.0","cat7","games","subcat21","mobile games"
2155,"Bowen","Ilaria","165375.0","cat4","theater","subcat4","plays"
5005,"Carlier","Giampiero","165352.0","cat5","film & video","subcat11","animation"
5967,"Wade","Franck","164291.0","cat4","theater","subcat4","plays"
4838,"Acosta","Valentine","164109.0","cat4","theater","subcat4","plays"
1822,"Brambilla","Michele","163118.0","cat5","film & video","subcat7","drama"
2150,"Bradford","Amedeo","162603.0","cat3","technology","subcat9","wearables"
4238,"Cortez","Dawn","161593.0","cat4","theater","subcat4","plays"
5409,"Franceschi","Linda","160422.0","cat5","film & video","subcat13","shorts"
3779,"Porzio","Dylan","159931.0","cat4","theater","subcat4","plays"
3033,"Hopkins","Bertrand","159405.0","cat1","food","subcat1","food trucks"
5666,"Hall","Eleanor","159185.0","cat4","theater","subcat4","plays"
5235,"Harrison","Ugo","159056.0","cat2","music","subcat2","rock"
1495,"Andre","Richard","159037.0","cat4","theater","subcat4","plays"
2037,"Redi","Lucie","158832.0","cat5","film & video","subcat11","animation"
4676,"Jockel","Hannah","158669.0","cat4","theater","subcat4","plays"
1831,"Ferrante","Marcela","158590.0","cat5","film & video","subcat20","television"
2611,"Hutchinson","Thomas","158389.0","cat4","theater","subcat4","plays"
6051,"Drubin","Bianca","157635.0","cat4","theater","subcat4","plays"
2576,"Chambers","Branko","156384.0","cat3","technology","subcat3","web"
1422,"Lamy","Kirsty","155849.0","cat2","music","subcat8","indie rock"
3349,"Sauvage","Simone","155349.0","cat4","theater","subcat4","plays"
2453,"Simpson","Ronald","154321.0","cat4","theater","subcat4","plays"
4140,"Ravaglioli","Maura","153338.0","cat1","food","subcat1","food trucks"
3684,"Noack","Whitney","153216.0","cat1","food","subcat1","food trucks"
4765,"Barnes","Eric","152438.0","cat2","music","subcat8","indie rock"
1883,"Giraud","Jennifer","151513.0","cat4","theater","subcat4","plays"
4076,"Delle","Carlos","151438.0","cat4","theater","subcat4","plays"
4242,"Madrid","Marina","150965.0","cat5","film & video","subcat13","shorts"
1717,"Bonnet","Luigi","150960.0","cat2","music","subcat18","jazz"
4349,"Pace","Anouk","150806.0","cat4","theater","subcat4","plays"
5981,"Greer","Rebecca","150755.0","cat4","theater","subcat4","plays"
1677,"Henry","Frank","150552.0","cat4","theater","subcat4","plays"
2810,"Caccioppoli","Vittorio","150515.0","cat4","theater","subcat4","plays"
2326,"Coleman","Tonia","149578.0","cat4","theater","subcat4","plays"
4909,"Merle","Lea","148779.0","cat4","theater","subcat4","plays"
2900,"Alcala","Lina","147936.0","cat5","film & video","subcat7","drama"
1316,"Haynes","Evelyn","146595.0","cat4","theater","subcat4","plays"
6026,"Buckley","Laura","145382.0","cat6","publishing","subcat14","fiction"
3871,"Lemus","Alvaro","145265.0","cat5","film & video","subcat11","animation"
1664,"Steinberg","Susi","145243.0","cat3","technology","subcat9","wearables"
4222,"Gabbana","Herma","143910.0","cat4","theater","subcat4","plays"
2290,"Guerrero","Gerdi","143788.0","cat2","music","subcat18","jazz"
4593,"Rosenow","Burghard","142823.0","cat1","food","subcat1","food trucks"
4187,"Woods","Sofie","142523.0","cat3","technology","subcat3","web"
5849,"Ryan","Colette","141822.0","cat7","games","subcat21","mobile games"
5260,"Wiley","Jake","141393.0","cat4","theater","subcat4","plays"
1613,"Olvera","Amelia","140469.0","cat3","technology","subcat3","web"
3628,"Duhamel","Ethan","139468.0","cat8","photography","subcat15","photography books"
4606,"Reinhardt","Conor","139354.0","cat5","film & video","subcat7","drama"
4849,"Gates","Allen","138586.0","cat3","technology","subcat3","web"
1728,"Metz","Tracy","138497.0","cat5","film & video","subcat11","animation"
3482,"Bien","Nino","138384.0","cat5","film & video","subcat13","shorts"
2116,"Morgan","Beate","138087.0","cat3","technology","subcat3","web"
4345,"Sauer","Kurt","137961.0","cat4","theater","subcat4","plays"
5661,"Sorrentino","Mateo","137904.0","cat4","theater","subcat4","plays"
3715,"Alba","Ingeborg","137635.0","cat4","theater","subcat4","plays"
4804,"Finzi","Roberta","136156.0","cat6","publishing","subcat19","translations"
2103,"Leiva","Rhys","135997.0","cat4","theater","subcat4","plays"
3564,"Anderson","Christian","135132.0","cat4","theater","subcat4","plays"
2226,"Girard","Martha","134845.0","cat5","film & video","subcat11","animation"
3934,"Hill","Paige","134688.0","cat4","theater","subcat4","plays"
4453,"Huang","Jose","134640.0","cat6","publishing","subcat10","nonfiction"
4270,"Briones","Konrad","131826.0","cat2","music","subcat2","rock"
5022,"Bourdon","Pompeo","131404.0","cat8","photography","subcat15","photography books"
5631,"Walls","Marguerite","128862.0","cat4","theater","subcat4","plays"
5657,"Berengario","Lydia","128410.0","cat4","theater","subcat4","plays"
3928,"Cantu","Hugh","127745.0","cat2","music","subcat8","indie rock"
5177,"Amaya","Douglas","127591.0","cat5","film & video","subcat11","animation"
5678,"Osborne","Dino","126628.0","cat1","food","subcat1","food trucks"
4618,"Zimmer","Heather","125042.0","cat4","theater","subcat4","plays"
4747,"Johann","Karolin","124517.0","cat4","theater","subcat4","plays"
6201,"Henderson","Joanne","123538.0","cat2","music","subcat2","rock"
5626,"Grenier","Dietmar","123124.0","cat4","theater","subcat4","plays"
1673,"Ungaretti","Celia","123040.0","cat2","music","subcat2","rock"
2705,"Duarte","Walther","121950.0","cat7","games","subcat12","video games"
4467,"Charles","Lilija","121138.0","cat2","music","subcat22","world music"
4840,"Papafava","Elvira","119830.0","cat1","food","subcat1","food trucks"
5853,"Hughes","Reginald","119510.0","cat4","theater","subcat4","plays"
4721,"Cimarosa","Josh","119127.0","cat4","theater","subcat4","plays"
5580,"Gamez","Belinda","118847.0","cat3","technology","subcat9","wearables"
4925,"Voisin","Antje","118706.0","cat4","theater","subcat4","plays"
1889,"Douglas","Todd","118603.0","cat4","theater","subcat4","plays"
3272,"Murillo","Renato","118580.0","cat3","technology","subcat3","web"
2767,"Ho","Alec","118214.0","cat8","photography","subcat15","photography books"
3126,"Erickson","Sara","117892.0","cat3","technology","subcat9","wearables"
4785,"Nicholson","Guillermina","117628.0","cat5","film & video","subcat11","animation"
4455,"Cox","Antoinette","116583.0","cat4","theater","subcat4","plays"
5852,"Fioravanti","Franco","116064.0","cat4","theater","subcat4","plays"
3801,"Vivaldi","Emilia","115396.0","cat4","theater","subcat4","plays"
3842,"Hethur","Gianfranco","114615.0","cat2","music","subcat6","electric music"
4113,"Potter","Mason","114523.0","cat2","music","subcat2","rock"
5368,"Martinez","Jessica","112272.0","cat7","games","subcat21","mobile games"
2222,"Lombard","Eitel","111502.0","cat2","music","subcat8","indie rock"
3768,"Rico","Nath","110689.0","cat4","theater","subcat4","plays"
1463,"Gaggini","Pierina","110279.0","cat3","technology","subcat3","web"
1531,"Pertile","Fanny","109374.0","cat4","theater","subcat4","plays"
1707,"Hornich","Logan","109106.0","cat7","games","subcat12","video games"
2618,"Taylor","Hortense","108974.0","cat4","theater","subcat4","plays"
4390,"Roht","Astrid","108161.0","cat5","film & video","subcat7","drama"
4744,"Petrocelli","Gail","107743.0","cat5","film & video","subcat5","documentary"
1592,"Monti","Jorge","107622.0","cat2","music","subcat2","rock"
5151,"Riviere","Lucia","107516.0","cat6","publishing","subcat10","nonfiction"
3216,"Rose","Jacinto","106321.0","cat4","theater","subcat4","plays"
3286,"Caron","Egon","105817.0","cat8","photography","subcat15","photography books"
3578,"Cruz","Alejandro","105598.0","cat3","technology","subcat3","web"
3605,"Novak","Brian","104257.0","cat3","technology","subcat9","wearables"
2177,"Sontag","Brenda","103554.0","cat4","theater","subcat4","plays"
1651,"Pagliaro","Conchita","103255.0","cat3","technology","subcat3","web"
5154,"Maldonado","Constance","102751.0","cat7","games","subcat21","mobile games"
4520,"Vallee","Laszlo","102749.0","cat5","film & video","subcat23","science fiction"
1905,"Gonzales","Carmine","102535.0","cat3","technology","subcat3","web"
5001,"Carpenter","Isidor","101987.0","cat5","film & video","subcat5","documentary"
4701,"Gumprich","Maurice","101352.0","cat4","theater","subcat4","plays"
4998,"Fabre","Enrico","101185.0","cat4","theater","subcat4","plays"
4754,"Howe","Marvin","100900.0","cat5","film & video","subcat23","science fiction"
2260,"Mangold","Steffen","100650.0","cat2","music","subcat8","indie rock"
3706,"Carter","Kelly","99361.0","cat7","games","subcat12","video games"
2604,"Pollard","Adina","99100.0","cat4","theater","subcat4","plays"
4436,"Bonomo","Sylvia","98935.0","cat5","film & video","subcat5","documentary"
5475,"Elliott","James","98811.0","cat5","film & video","subcat13","shorts"
4519,"Wang","Bernadette","97524.0","cat3","technology","subcat3","web"
1918,"Celentano","Giada","97369.0","cat7","games","subcat21","mobile games"
2272,"Infantino","Janice","97037.0","cat6","publishing","subcat10","nonfiction"
5796,"Duke","Charlotte","96888.0","cat4","theater","subcat4","plays"
4594,"Etzler","Toby","96777.0","cat2","music","subcat8","indie rock"
4529,"Allen","Pellegrino","96735.0","cat2","music","subcat2","rock"
2354,"Kreusel","Edelgard","96328.0","cat6","publishing","subcat14","fiction"
3872,"Faivre","Glen","95993.0","cat4","theater","subcat4","plays"
3186,"Powell","Friedl","95958.0","cat4","theater","subcat4","plays"
4266,"Camarillo","Thibaut","95364.0","cat2","music","subcat2","rock"
6205,"Wilms","Patrizia","95020.0","cat4","theater","subcat4","plays"
2646,"Ulibarri","Rachel","94631.0","cat2","music","subcat2","rock"
6108,"Petruzzi","Leo","94501.0","cat4","theater","subcat4","plays"
1344,"Marques","Ottfried","93991.0","cat5","film & video","subcat5","documentary"
3429,"Rust","Ottavio","93963.0","cat5","film & video","subcat5","documentary"
1907,"Arnold","Korinna","92824.0","cat5","film & video","subcat20","television"
3458,"Posada","Dimitri","91722.0","cat5","film & video","subcat5","documentary"
5497,"Mitschke","Corinne","91176.0","cat4","theater","subcat4","plays"
5201,"Arroyo","Andrea","91014.0","cat4","theater","subcat4","plays"
5374,"Marin","Elias","90706.0","cat4","theater","subcat4","plays"
5921,"Esquivel","Raffaella","90440.0","cat2","music","subcat22","world music"
5493,"Peters","Evangelos","89288.0","cat5","film & video","subcat5","documentary"
5566,"Summers","Carly","88536.0","cat5","film & video","subcat5","documentary"
4034,"Sosa","Ahmad","88055.0","cat6","publishing","subcat14","fiction"
2277,"Schweitzer","Irmi","88037.0","cat2","music","subcat6","electric music"
4002,"Camacho","Dustin","87676.0","cat5","film & video","subcat5","documentary"
4770,"Moreno","Ivo","87560.0","cat4","theater","subcat4","plays"
4628,"Galindo","Anita","87448.0","cat7","games","subcat12","video games"
3790,"Renzi","Eloy","87293.0","cat4","theater","subcat4","plays"
1722,"Noble","Julian","86244.0","cat4","theater","subcat4","plays"
4478,"Tacchini","Emine","86060.0","cat4","theater","subcat4","plays"
6217,"Alexander","Rafael","85902.0","cat2","music","subcat18","jazz"
2225,"Alcaraz","Gianmarco","84891.0","cat5","film & video","subcat5","documentary"
4356,"Volta","Sonia","83843.0","cat3","technology","subcat9","wearables"
2344,"Harrell","Ricky","83267.0","cat2","music","subcat17","metal"
4890,"Phillips","Rhonda","82959.0","cat7","games","subcat12","video games"
3431,"Rosemann","Aurore","81984.0","cat4","theater","subcat4","plays"
5354,"Grossi","Christy","81897.0","cat4","theater","subcat4","plays"
3733,"Barber","Liliana","81136.0","cat4","theater","subcat4","plays"
2573,"Giacometti","Bethan","79268.0","cat8","photography","subcat15","photography books"
2217,"Valenzuela","Biagio","79045.0","cat8","photography","subcat15","photography books"
2878,"Avila","Gabriella","78743.0","cat5","film & video","subcat5","documentary"
4330,"Bohnbach","Christophe","78630.0","cat6","publishing","subcat10","nonfiction"
2508,"Lucero","Laurence","77355.0","cat3","technology","subcat3","web"
3035,"Vollbrecht","Walburga","77021.0","cat1","food","subcat1","food trucks"
3799,"Macias","Carl","77012.0","cat5","film & video","subcat7","drama"
1334,"Soto","Soledad","75955.0","cat2","music","subcat8","indie rock"
6159,"Rowe","Jordan","75906.0","cat5","film & video","subcat5","documentary"
5708,"Parry","Filippo","75690.0","cat4","theater","subcat4","plays"
3054,"Pechel","Geronimo","75022.0","cat2","music","subcat2","rock"
3211,"Joseph","Alejandra","74688.0","cat6","publishing","subcat19","translations"
5262,"Munoz","Guadalupe","74073.0","cat6","publishing","subcat19","translations"
2849,"Klein","Luke","73653.0","cat6","publishing","subcat16","radio & podcasts"
4630,"Lollobrigida","Lilia","73522.0","cat4","theater","subcat4","plays"
3244,"Hiller","Christine","72623.0","cat4","theater","subcat4","plays"
5704,"Ricciardi","Christiane","71583.0","cat5","film & video","subcat5","documentary"
3904,"Ughi","Stefani","71320.0","cat7","games","subcat12","video games"
2031,"Laboy","Tracey","69617.0","cat4","theater","subcat4","plays"
4320,"Terragni","Lisa","68769.0","cat4","theater","subcat4","plays"
3314,"Gray","Catherine","68602.0","cat2","music","subcat2","rock"
4014,"Marty","Luce","68137.0","cat5","film & video","subcat11","animation"
3365,"Bruneau","Alessio","67546.0","cat3","technology","subcat9","wearables"
2081,"Weller","Amber","65877.0","cat4","theater","subcat4","plays"
3176,"Pratesi","Stephen","65755.0","cat5","film & video","subcat5","documentary"
1433,"Guillen","Enrique","65323.0","cat3","technology","subcat3","web"
4939,"Hess","Michelangelo","62819.0","cat1","food","subcat1","food trucks"
5976,"Cabrera","Geraldine","62804.0","cat2","music","subcat2","rock"
4084,"Gemito","Irma","62330.0","cat5","film & video","subcat5","documentary"
2213,"Paul","Rosa","62174.0","cat1","food","subcat1","food trucks"
2383,"Iannelli","Terri","62127.0","cat2","music","subcat8","indie rock"
3275,"Guichard","Shelly","60994.0","cat2","music","subcat2","rock"
5887,"Owens","Giacobbe","60934.0","cat5","film & video","subcat5","documentary"
1568,"Gollum","Hanno","60342.0","cat2","music","subcat2","rock"
1656,"Lombardo","Adalberto","59128.0","cat3","technology","subcat9","wearables"
2131,"Rodriguez","Tina","59007.0","cat5","film & video","subcat5","documentary"
5188,"Oneal","Marliese","59003.0","cat4","theater","subcat4","plays"
2939,"Guillaume","Lauren","57911.0","cat5","film & video","subcat23","science fiction"
4073,"Mende","Marisela","57872.0","cat2","music","subcat18","jazz"
2043,"Blot","Gabino","57734.0","cat7","games","subcat21","mobile games"
5761,"Diallo","Sharon","57659.0","cat4","theater","subcat4","plays"
5149,"Oquendo","Miriam","57250.0","cat8","photography","subcat15","photography books"
2974,"Hernandez","Gino","57157.0","cat2","music","subcat6","electric music"
1904,"Bray","Ilse","57122.0","cat6","publishing","subcat14","fiction"
5072,"Marsh","Nelly","57034.0","cat7","games","subcat21","mobile games"
2913,"Bennett","Marcantonio","57010.0","cat5","film & video","subcat5","documentary"
3618,"Wall","Alice","56859.0","cat6","publishing","subcat10","nonfiction"
5585,"Davenport","Emilio","56774.0","cat4","theater","subcat4","plays"
3043,"Mancini","Justine","55805.0","cat8","photography","subcat15","photography books"
5436,"Montanariello","Svetlana","55757.0","cat4","theater","subcat4","plays"
3290,"Armas","Chantal","55536.0","cat7","games","subcat21","mobile games"
1908,"Adinolfi","Dulce","55476.0","cat4","theater","subcat4","plays"
1235,"Chevalier","Cristina","55372.0","cat6","publishing","subcat19","translations"
5470,"Wohlgemut","Augustin","53324.0","cat6","publishing","subcat10","nonfiction"
5873,"Reynaud","Donald","53067.0","cat4","theater","subcat4","plays"
3123,"Keller","Emmanuelle","52421.0","cat4","theater","subcat4","plays"
2251,"Snyder","Yolanda","51814.0","cat4","theater","subcat4","plays"
3190,"Bohlander","Giulio","51775.0","cat7","games","subcat12","video games"
5103,"Foconi","Aimee","49879.0","cat1","food","subcat1","food trucks"
4129,"Guidotti","Johnathan","48236.0","cat4","theater","subcat4","plays"
2157,"Salcedo","Clayton","48227.0","cat4","theater","subcat4","plays"
4048,"Curiel","Fulvio","47705.0","cat5","film & video","subcat11","animation"
2966,"Vecellio","Teresa","47459.0","cat4","theater","subcat4","plays"
5000,"Glover","Joseph","47260.0","cat7","games","subcat12","video games"
6061,"Lucas","Giulietta","47037.0","cat5","film & video","subcat11","animation"
5095,"Knowles","Maximiliano","46317.0","cat3","technology","subcat3","web"
4643,"Beasley","Maik","45987.0","cat4","theater","subcat4","plays"
4883,"Petitjean","Luciana","45983.0","cat5","film & video","subcat7","drama"
4769,"Perez","Philip","45831.0","cat5","film & video","subcat13","shorts"
3364,"Passalacqua","Pina","45384.0","cat7","games","subcat12","video games"
4146,"Rogers","Denis","45004.0","cat4","theater","subcat4","plays"
1417,"Surian","Romeo","43473.0","cat6","publishing","subcat14","fiction"
4945,"Russell","Hailey","43086.0","cat7","games","subcat21","mobile games"
4102,"Mace","Sergius","42795.0","cat3","technology","subcat9","wearables"
5501,"Stadelmann","Venancio","42596.0","cat2","music","subcat2","rock"
3251,"Traore","Branka","41564.0","cat3","technology","subcat9","wearables"
5675,"Gibilisco","William","41396.0","cat3","technology","subcat9","wearables"
2467,"Cross","Calogero","41212.0","cat5","film & video","subcat5","documentary"
3897,"Govoni","Marcella","41205.0","cat4","theater","subcat4","plays"
5725,"Caldera","Martyn","40228.0","cat4","theater","subcat4","plays"
3567,"Evans","Gilberto","40107.0","cat2","music","subcat8","indie rock"
6181,"Poirier","Christopher","39996.0","cat2","music","subcat6","electric music"
5695,"Murphy","Itzel","38533.0","cat4","theater","subcat4","plays"
4495,"Patel","Kerry","38414.0","cat3","technology","subcat9","wearables"
5100,"Baeza","Diether","38376.0","cat5","film & video","subcat7","drama"
2109,"Hauffer","Anthony","37857.0","cat2","music","subcat2","rock"
6073,"Comolli","Gareth","37823.0","cat2","music","subcat8","indie rock"
1932,"Godfrey","Kathrin","37754.0","cat5","film & video","subcat20","television"
2813,"Oestrovsky","Carmen","35698.0","cat5","film & video","subcat23","science fiction"
3506,"Tanguy","Giuseppina","35536.0","cat5","film & video","subcat7","drama"
4148,"Lemonnier","Stefano","35498.0","cat4","theater","subcat4","plays"
4967,"Ernst","Livia","34964.0","cat8","photography","subcat15","photography books"
3209,"Iglesias","Toralf","33092.0","cat4","theater","subcat4","plays"
2480,"Zichichi","Eugenia","32986.0","cat4","theater","subcat4","plays"
4604,"Ward","Oreste","32951.0","cat7","games","subcat12","video games"
2080,"Leoncavallo","Ennio","31864.0","cat4","theater","subcat4","plays"
3173,"Weinhold","Erin","31665.0","cat4","theater","subcat4","plays"
2442,"Poulain","Raisa","31594.0","cat2","music","subcat2","rock"
3455,"Finetti","Alfonso","31123.0","cat2","music","subcat2","rock"
2609,"Gucci","Henry","30902.0","cat4","theater","subcat4","plays"
2307,"Palmer","Amanda","30331.0","cat4","theater","subcat4","plays"
5466,"Schwartz","Thierry","30215.0","cat4","theater","subcat4","plays"
5245,"Beck","Gianluca","28870.0","cat7","games","subcat21","mobile games"
3017,"Jones","Brett","28358.0","cat4","theater","subcat4","plays"
2069,"David","Kendra","27844.0","cat4","theater","subcat4","plays"
4420,"Gonzalez","Roman","26914.0","cat2","music","subcat2","rock"
2623,"Ammaniti","Krystal","26571.0","cat2","music","subcat18","jazz"
6055,"Dominguez","Emmanuel","26527.0","cat4","theater","subcat4","plays"
4087,"Avogadro","Karen","26303.0","cat2","music","subcat2","rock"
5395,"Gibbons","Dina","26176.0","cat4","theater","subcat4","plays"
3895,"Langlois","Debra","24882.0","cat5","film & video","subcat5","documentary"
4171,"Cobb","Antonina","24234.0","cat4","theater","subcat4","plays"
2456,"Germano","Jacqueline","23956.0","cat4","theater","subcat4","plays"
3528,"Nitto","Alphonse","23159.0","cat5","film & video","subcat7","drama"
5698,"Barker","Heidi","22073.0","cat5","film & video","subcat5","documentary"
3280,"Geisel","Ariadna","21946.0","cat4","theater","subcat4","plays"
6007,"Kruschwitz","Mathilde","21477.0","cat7","games","subcat12","video games"
5989,"Davis","Sarah","21307.0","cat1","food","subcat1","food trucks"
1542,"Alfieri","Randy","20915.0","cat4","theater","subcat4","plays"
1952,"Robinson","Cynthia","20243.0","cat4","theater","subcat4","plays"
3735,"Michaud","Joe","19769.0","cat4","theater","subcat4","plays"
4400,"Singh","Vincent","19557.0","cat4","theater","subcat4","plays"
3096,"Cordier","Zacharie","19246.0","cat3","technology","subcat9","wearables"
5753,"White","Reinhilde","18829.0","cat2","music","subcat8","indie rock"
2097,"Babati","Arcelia","17879.0","cat5","film & video","subcat7","drama"
3032,"Saraceno","Florentine","16592.0","cat7","games","subcat12","video games"
4321,"Swanson","Folker","16389.0","cat5","film & video","subcat13","shorts"
2993,"Ingram","Alfredo","16168.0","cat5","film & video","subcat23","science fiction"
5799,"Bishop","Janko","15723.0","cat1","food","subcat1","food trucks"
6103,"Wagenknecht","Reynaldo","15238.0","cat4","theater","subcat4","plays"
3283,"Gerlach","Roger","14973.0","cat7","games","subcat12","video games"
3203,"Edwards","Luis","14951.0","cat4","theater","subcat4","plays"
1663,"Cole","Katelyn","14942.0","cat5","film & video","subcat5","documentary"
4210,"Boaga","Dennis","14925.0","cat5","film & video","subcat7","drama"
2265,"Joly","Pero","14878.0","cat3","technology","subcat9","wearables"
3650,"Valentin","Magarete","14865.0","cat2","music","subcat2","rock"
4398,"Noel","Adrian","14827.0","cat4","theater","subcat4","plays"
2336,"Tafuri","Camille","14822.0","cat5","film & video","subcat11","animation"
3592,"Morvan","Mesut","14771.0","cat4","theater","subcat4","plays"
3475,"Payne","Pamela","14743.0","cat5","film & video","subcat20","television"
4842,"Moon","Kayla","14741.0","cat4","theater","subcat4","plays"
2165,"Williams","Geoffrey","14725.0","cat4","theater","subcat4","plays"
2565,"Didier","Dolores","14697.0","cat6","publishing","subcat14","fiction"
3149,"Pinto","Raven","14685.0","cat3","technology","subcat3","web"
4914,"Jackson","Gregory","14649.0","cat3","technology","subcat3","web"
4265,"Schmiedt","Eraldo","14644.0","cat5","film & video","subcat5","documentary"
1340,"Guyon","Antoine","14643.0","cat1","food","subcat1","food trucks"
5126,"Baca","Wilfriede","14640.0","cat2","music","subcat2","rock"
5850,"Paz","Dorothe","14606.0","cat5","film & video","subcat20","television"
3961,"Knox","Stacey","14606.0","cat8","photography","subcat15","photography books"
3402,"Galeati","Abbie","14577.0","cat5","film & video","subcat13","shorts"
3765,"Ellis","Mariana","14560.0","cat2","music","subcat2","rock"
2017,"Herve","Alberico","14547.0","cat2","music","subcat8","indie rock"
4718,"Bruce","Dionigi","14536.0","cat5","film & video","subcat11","animation"
4796,"Vespa","Trinidad","14511.0","cat1","food","subcat1","food trucks"
2194,"Valle","Rupert","14508.0","cat4","theater","subcat4","plays"
5663,"Amaldi","Ettore","14488.0","cat4","theater","subcat4","plays"
4326,"Goodwin","Sheila","14455.0","cat5","film & video","subcat11","animation"
3325,"Fibonacci","Laurie","14452.0","cat3","technology","subcat3","web"
3238,"Bolzmann","Giuliano","14420.0","cat2","music","subcat2","rock"
1968,"Klemm","Melania","14408.0","cat2","music","subcat8","indie rock"
3631,"Brown","Ubaldo","14405.0","cat4","theater","subcat4","plays"
1484,"George","Herlinde","14394.0","cat5","film & video","subcat5","documentary"
4427,"Tomaselli","Margot","14381.0","cat3","technology","subcat9","wearables"
2527,"Davidson","Lucy","14324.0","cat5","film & video","subcat5","documentary"
1544,"Valdivia","Elizabeth","14324.0","cat2","music","subcat2","rock"
5385,"Zamorani","Kathy","14310.0","cat5","film & video","subcat7","drama"
5923,"Gaillard","Salvador","14305.0","cat3","technology","subcat3","web"
2798,"Jacobs","Victor","14273.0","cat5","film & video","subcat5","documentary"
1658,"Valdez","Esteban","14249.0","cat8","photography","subcat15","photography books"
4506,"Massey","Gianpaolo","14240.0","cat4","theater","subcat4","plays"
4272,"Day","Jenna","14199.0","cat1","food","subcat1","food trucks"
4158,"Leger","Damien","14150.0","cat4","theater","subcat4","plays"
1261,"Antonioni","Theres","14150.0","cat4","theater","subcat4","plays"
4502,"Merino","Renee","14097.0","cat8","photography","subcat15","photography books"
5869,"Cooley","Katherine","14089.0","cat2","music","subcat2","rock"
2749,"Trapp","Veronica","14083.0","cat2","music","subcat2","rock"
4588,"Collier","Michelle","14046.0","cat6","publishing","subcat14","fiction"
3731,"Austin","Lucas","14033.0","cat3","technology","subcat3","web"
5336,"Long","Gian","14025.0","cat5","film & video","subcat5","documentary"
2862,"Sollima","Esmeralda","14006.0","cat4","theater","subcat4","plays"
5445,"Morrison","Hector","13985.0","cat2","music","subcat22","world music"
2881,"Marks","Ansaldo","13980.0","cat4","theater","subcat4","plays"
4508,"Gulotta","Letizia","13954.0","cat4","theater","subcat4","plays"
2134,"Vigorelli","Gordon","13950.0","cat5","film & video","subcat13","shorts"
2243,"Monnier","Leif","13868.0","cat5","film & video","subcat5","documentary"
6094,"Comencini","Pomponio","13864.0","cat7","games","subcat12","video games"
3064,"Thompson","Tatiana","13838.0","cat5","film & video","subcat7","drama"
5361,"Pineau","Carin","13835.0","cat6","publishing","subcat19","translations"
5288,"Ayala","Gabrielle","13816.0","cat3","technology","subcat9","wearables"
1394,"Trujillo","Mercedes","13772.0","cat4","theater","subcat4","plays"
2140,"Albert","Walli","13755.0","cat2","music","subcat2","rock"
1865,"Samson","Xavier","13684.0","cat3","technology","subcat9","wearables"
5490,"Juvara","Jasmine","13678.0","cat2","music","subcat18","jazz"
1816,"Butler","Carla","13656.0","cat4","theater","subcat4","plays"
2357,"Brun","Alyssa","13653.0","cat5","film & video","subcat23","science fiction"
2851,"Vogt","Peter","13653.0","cat2","music","subcat2","rock"
3456,"Todd","Mehdi","13632.0","cat2","music","subcat8","indie rock"
5119,"Fritz","Denny","13536.0","cat6","publishing","subcat19","translations"
3199,"Mitchell","Rotraud","13527.0","cat3","technology","subcat9","wearables"
1979,"Morton","Gloria","13513.0","cat2","music","subcat6","electric music"
2062,"Piacentini","Serena","13474.0","cat4","theater","subcat4","plays"
2981,"Hale","Cristian","13468.0","cat4","theater","subcat4","plays"
5242,"Ornelas","Leah","13441.0","cat5","film & video","subcat5","documentary"
4577,"Schleich","Robin","13439.0","cat8","photography","subcat15","photography books"
2005,"Kennedy","Heidelore","13424.0","cat4","theater","subcat4","plays"
5995,"Wulf","Adriano","13404.0","cat4","theater","subcat4","plays"
5662,"Wells","Emiliano","13385.0","cat5","film & video","subcat7","drama"
2430,"Webb","Kim","13382.0","cat3","technology","subcat9","wearables"
5690,"Roberts","Hartwig","13264.0","cat4","theater","subcat4","plays"
2003,"Daugherty","Manon","13250.0","cat4","theater","subcat4","plays"
3924,"Renner","Julio","13223.0","cat5","film & video","subcat7","drama"
5773,"Peacock","Jamie","13213.0","cat2","music","subcat6","electric music"
2392,"Schmitt","Bozena","13212.0","cat8","photography","subcat15","photography books"
4847,"Cadena","Anastasie","13205.0","cat4","theater","subcat4","plays"
5650,"Luna","Socorro","13195.0","cat4","theater","subcat4","plays"
3396,"Bouvet","Giacomo","13164.0","cat4","theater","subcat4","plays"
2619,"Collazo","Eddie","13103.0","cat7","games","subcat21","mobile games"
1628,"Delahaye","Kevin","13065.0","cat6","publishing","subcat19","translations"
4690,"Barkholz","Elisa","13045.0","cat6","publishing","subcat10","nonfiction"
2188,"Telesio","Beverley","13018.0","cat3","technology","subcat9","wearables"
2940,"Ocampo","Cameron","12991.0","cat3","technology","subcat3","web"
1763,"Bolander","Antonino","12985.0","cat3","technology","subcat9","wearables"
3574,"Kallert","Werner","12955.0","cat4","theater","subcat4","plays"
3909,"Borrego","Lolita","12944.0","cat4","theater","subcat4","plays"
4497,"Textor","Alwina","12939.0","cat4","theater","subcat4","plays"
3271,"Hubert","Marianne","12939.0","cat5","film & video","subcat11","animation"
6089,"Kline","Antonia","12938.0","cat2","music","subcat8","indie rock"
1675,"Vidal","Graziella","12886.0","cat4","theater","subcat4","plays"
4394,"Hanson","Brianna","12812.0","cat4","theater","subcat4","plays"
5786,"Salgado","Diethard","12797.0","cat4","theater","subcat4","plays"
3530,"Moulin","Beatriz","12684.0","cat3","technology","subcat3","web"
4477,"Cooper","Madeleine","12678.0","cat7","games","subcat12","video games"
1612,"Mueller","Gudrun","12635.0","cat3","technology","subcat3","web"
2141,"Blasi","Christelle","12620.0","cat2","music","subcat18","jazz"
5720,"Wood","Denise","12607.0","cat3","technology","subcat3","web"
4874,"Heidrich","Jacques","12597.0","cat5","film & video","subcat7","drama"
2779,"Palomo","Alonso","12552.0","cat4","theater","subcat4","plays"
3481,"Davids","April","12533.0","cat4","theater","subcat4","plays"
2085,"Guibert","Barbara","12516.0","cat6","publishing","subcat19","translations"
1372,"Cibin","Aldo","12497.0","cat6","publishing","subcat16","radio & podcasts"
3606,"Hunter","Annie","12468.0","cat2","music","subcat6","electric music"
5858,"Larsen","Guillermo","12467.0","cat6","publishing","subcat19","translations"
2339,"Morin","Regina","12449.0","cat5","film & video","subcat20","television"
3307,"Canali","Melissa","12437.0","cat1","food","subcat1","food trucks"
3737,"Fernandez","Shane","12434.0","cat4","theater","subcat4","plays"
2988,"Olson","Brandon","12405.0","cat4","theater","subcat4","plays"
1873,"Tomasini","Pasquale","12360.0","cat4","theater","subcat4","plays"
3070,"Thomas","Abdul","12356.0","cat5","film & video","subcat7","drama"
1992,"Faure","Andrey","12322.0","cat2","music","subcat2","rock"
2653,"Ali","Julia","12310.0","cat1","food","subcat1","food trucks"
2202,"Baxter","Joanna","12309.0","cat5","film & video","subcat13","shorts"
1693,"Lara","Natasha","12300.0","cat4","theater","subcat4","plays"
3841,"Bernier","Francis","12275.0","cat2","music","subcat2","rock"
6162,"Techer","Riza","12274.0","cat5","film & video","subcat5","documentary"
4327,"Aporti","Deanna","12219.0","cat5","film & video","subcat5","documentary"
5306,"Palacios","Nicolas","12216.0","cat8","photography","subcat15","photography books"
2028,"Garnier","Frances","12202.0","cat5","film & video","subcat11","animation"
2321,"Cafarchia","Ludovico","12174.0","cat4","theater","subcat4","plays"
2389,"Hooper","Margrit","12155.0","cat9","journalism","subcat24","audio"
3879,"Gallegos","Rufino","12129.0","cat2","music","subcat8","indie rock"
2205,"Sharp","Rita","12129.0","cat5","film & video","subcat5","documentary"
5419,"Tschentscher","Vanessa","12102.0","cat5","film & video","subcat5","documentary"
3707,"Zamora","Ingolf","12100.0","cat4","theater","subcat4","plays"
6163,"Rios","Emma","12065.0","cat8","photography","subcat15","photography books"
2067,"Peltier","Rosie","12047.0","cat1","food","subcat1","food trucks"
3613,"Mason","Clinton","12042.0","cat5","film & video","subcat23","science fiction"
5946,"Cornejo","Gilbert","12020.0","cat4","theater","subcat4","plays"
4547,"Houston","Ariana","12009.0","cat2","music","subcat2","rock"
2185,"Martel","Micaela","11990.0","cat6","publishing","subcat19","translations"
4861,"Connolly","Randall","11969.0","cat1","food","subcat1","food trucks"
5203,"Barrios","Jill","11960.0","cat5","film & video","subcat23","science fiction"
2058,"Remy","Calcedonio","11952.0","cat4","theater","subcat4","plays"
5825,"Molina","Kornelius","11948.0","cat5","film & video","subcat11","animation"
5219,"Angulo","Ippazio","11941.0","cat3","technology","subcat3","web"
2153,"Mohaupt","Monica","11929.0","cat9","journalism","subcat24","audio"
5911,"Turner","Chad","11924.0","cat2","music","subcat2","rock"
4678,"Gay","Cilly","11904.0","cat7","games","subcat12","video games"
2010,"Butte","Judith","11900.0","cat4","theater","subcat4","plays"
2034,"Gibson","Antonio","11746.0","cat2","music","subcat18","jazz"
5444,"Bonnin","Serafina","11735.0","cat4","theater","subcat4","plays"
2431,"Holzapfel","Ermenegildo","11721.0","cat2","music","subcat2","rock"
4083,"Blackburn","Ferdi","11663.0","cat4","theater","subcat4","plays"
2297,"James","Manfred","11648.0","cat4","theater","subcat4","plays"
2842,"Toro","Rosalia","11642.0","cat4","theater","subcat4","plays"
1797,"Hamon","Rodney","11619.0","cat4","theater","subcat4","plays"
5461,"Saunders","Mauricio","11579.0","cat5","film & video","subcat7","drama"
5821,"Andersen","Katie","11539.0","cat3","technology","subcat3","web"
3676,"Cedillo","Agnolo","11525.0","cat8","photography","subcat15","photography books"
2720,"Weeks","Tristan","11502.0","cat3","technology","subcat3","web"
4085,"Gomez","Jeremy","11493.0","cat3","technology","subcat9","wearables"
3520,"Greggio","Corey","11469.0","cat5","film & video","subcat5","documentary"
4482,"Olivera","Gerald","11339.0","cat6","publishing","subcat14","fiction"
3682,"Hussain","Gionata","11280.0","cat4","theater","subcat4","plays"
3838,"Vittadello","Marco","11277.0","cat4","theater","subcat4","plays"
5881,"Segovia","Estela","11261.0","cat4","theater","subcat4","plays"
5629,"Kelly","Ian","11255.0","cat3","technology","subcat9","wearables"
6098,"Emanuelli","Allan","11228.0","cat4","theater","subcat4","plays"
1375,"Ferraris","Edda","11214.0","cat4","theater","subcat4","plays"
5815,"Junken","Galasso","11174.0","cat1","food","subcat1","food trucks"
2125,"Stewart","Cory","11174.0","cat6","publishing","subcat16","radio & podcasts"
5529,"Romo","Noelia","11167.0","cat4","theater","subcat4","plays"
2338,"Angiolello","Aurelia","11108.0","cat4","theater","subcat4","plays"
1553,"Lettiere","Hansjoachim","11108.0","cat1","food","subcat1","food trucks"
3494,"Norbiato","Bettina","11091.0","cat2","music","subcat2","rock"
3867,"Chapman","Tania","11091.0","cat4","theater","subcat4","plays"
3558,"Lefevre","Shannon","11088.0","cat4","theater","subcat4","plays"
4869,"Guzman","Leonardo","11075.0","cat2","music","subcat18","jazz"
1441,"Hicks","Umberto","11075.0","cat4","theater","subcat4","plays"
2100,"Ackermann","Pauline","11061.0","cat5","film & video","subcat7","drama"
4269,"Antoine","Sophie","11041.0","cat6","publishing","subcat10","nonfiction"
1615,"Heydrich","Giancarlo","10999.0","cat8","photography","subcat15","photography books"
2111,"Cuellar","Angelica","10981.0","cat5","film & video","subcat11","animation"
4178,"Montes","Gonzalo","10946.0","cat2","music","subcat18","jazz"
4952,"Canales","Paula","10938.0","cat2","music","subcat8","indie rock"
5560,"Rich","Valeria","10850.0","cat7","games","subcat12","video games"
4250,"Moses","Luca","10831.0","cat5","film & video","subcat7","drama"
4951,"Abbott","Sergio","10804.0","cat4","theater","subcat4","plays"
3420,"Galarza","Ellie","10770.0","cat5","film & video","subcat5","documentary"
2908,"Gosselin","Amico","10756.0","cat8","photography","subcat15","photography books"
2261,"Koch","Lucrezia","10755.0","cat8","photography","subcat15","photography books"
5682,"Smith","Alex","10748.0","cat5","film & video","subcat5","documentary"
5144,"Bernard","Claudia","10739.0","cat4","theater","subcat4","plays"
2892,"Pascarella","Eloisa","10731.0","cat4","theater","subcat4","plays"
5544,"Contarini","Olivie","10729.0","cat2","music","subcat2","rock"
5768,"Savage","Editha","10723.0","cat6","publishing","subcat19","translations"
3647,"Brooks","Ramona","10704.0","cat4","theater","subcat4","plays"
5864,"Lomeli","Swantje","10682.0","cat5","film & video","subcat11","animation"
2216,"Bender","Marcelle","10658.0","cat4","theater","subcat4","plays"
4532,"Zito","Paulo","10657.0","cat1","food","subcat1","food trucks"
3305,"Ebert","Devin","10557.0","cat6","publishing","subcat14","fiction"
3279,"Esquibel","Rosmarie","10550.0","cat4","theater","subcat4","plays"
1294,"Graham","Jens","10541.0","cat6","publishing","subcat14","fiction"
5685,"Normand","Bekir","10451.0","cat2","music","subcat2","rock"
5150,"Charpentier","Carolyn","10422.0","cat3","technology","subcat9","wearables"
6207,"Rousseau","Rochus","10397.0","cat5","film & video","subcat7","drama"
2190,"Krein","Guido","10353.0","cat4","theater","subcat4","plays"
3474,"Caldwell","Guglielmo","10328.0","cat5","film & video","subcat7","drama"
3224,"Lambert","Alexandrie","10313.0","cat4","theater","subcat4","plays"
5602,"Morris","Lotti","10295.0","cat2","music","subcat8","indie rock"
5771,"Cowan","Travis","10289.0","cat3","technology","subcat9","wearables"
6132,"Santana","Elliot","10243.0","cat5","film & video","subcat11","animation"
6078,"Lacroix","Jeffery","10240.0","cat4","theater","subcat4","plays"
4369,"Wheeler","Juan","10138.0","cat4","theater","subcat4","plays"
1485,"Little","Derrick","10093.0","cat6","publishing","subcat14","fiction"
3241,"Wallace","Jaqueline","10085.0","cat8","photography","subcat15","photography books"
3670,"Robles","Gabriel","10084.0","cat7","games","subcat12","video games"
2537,"Peron","Ann","10037.0","cat4","theater","subcat4","plays"
5901,"Nguyen","Maria","10012.0","cat4","theater","subcat4","plays"
1922,"Travaglia","Victoire","9969.0","cat5","film & video","subcat11","animation"
3259,"Scholtz","Pierangelo","9967.0","cat1","food","subcat1","food trucks"
5342,"Accardo","Ivan","9935.0","cat2","music","subcat2","rock"
4587,"McLean","Virginie","9910.0","cat4","theater","subcat4","plays"
6074,"Abbagnale","Brandi","9889.0","cat1","food","subcat1","food trucks"
4865,"Sullivan","Ottone","9829.0","cat3","technology","subcat3","web"
2159,"Dehmel","Camillo","9817.0","cat4","theater","subcat4","plays"
4186,"Carranza","Griselda","9749.0","cat4","theater","subcat4","plays"
3087,"Bradley","Tim","9676.0","cat5","film & video","subcat11","animation"
2384,"Anichini","Irene","9562.0","cat8","photography","subcat15","photography books"
2396,"Dorsey","Francisco","9546.0","cat4","theater","subcat4","plays"
4912,"Lindner","Durante","9520.0","cat3","technology","subcat3","web"
6234,"Kaiser","Nico","9508.0","cat2","music","subcat6","electric music"
2583,"Jimenez","Elena","9419.0","cat6","publishing","subcat19","translations"
4003,"Gallagher","Bill","9339.0","cat3","technology","subcat9","wearables"
2989,"Rolland","Liam","9337.0","cat4","theater","subcat4","plays"
2917,"Tran","Brittany","9318.0","cat4","theater","subcat4","plays"
6064,"Higgins","Coriolano","9317.0","cat4","theater","subcat4","plays"
2219,"Holt","Uriel","9289.0","cat5","film & video","subcat7","drama"
3571,"Lacombe","Miranda","9253.0","cat2","music","subcat18","jazz"
1304,"Sinisi","June","9238.0","cat4","theater","subcat4","plays"
4351,"Solimena","Kathleen","9216.0","cat7","games","subcat21","mobile games"
5755,"Raya","Sally","9193.0","cat2","music","subcat6","electric music"
5256,"Brookes","Silvester","9134.0","cat2","music","subcat2","rock"
4218,"Pons","Brent","9076.0","cat5","film & video","subcat20","television"
1687,"Bauer","Fiorenzo","9021.0","cat6","publishing","subcat16","radio & podcasts"
6063,"Delaunay","Lore","8964.0","cat5","film & video","subcat5","documentary"
5300,"Cunningham","Kyle","8929.0","cat5","film & video","subcat5","documentary"
4533,"Gertz","Aurelio","8917.0","cat2","music","subcat8","indie rock"
4263,"Burke","Jutta","8907.0","cat2","music","subcat6","electric music"
4568,"Villareal","Blanka","8906.0","cat4","theater","subcat4","plays"
3368,"Fantozzi","Yuridia","8890.0","cat4","theater","subcat4","plays"
4491,"Cugia","Elsa","8866.0","cat4","theater","subcat4","plays"
4836,"Pratt","Octavio","8864.0","cat8","photography","subcat15","photography books"
5660,"Richard","Marisol","8842.0","cat5","film & video","subcat20","television"
3193,"Coulon","Metin","8829.0","cat6","publishing","subcat19","translations"
3185,"Etzold","Mary","8807.0","cat3","technology","subcat3","web"
3386,"Aumann","Marc","8799.0","cat3","technology","subcat3","web"
1537,"Anguillara","Nuray","8747.0","cat5","film & video","subcat5","documentary"
5696,"Pruvost","Michela","8746.0","cat2","music","subcat2","rock"
2152,"Jacob","Lara","8716.0","cat2","music","subcat17","metal"
5165,"Miles","Julien","8703.0","cat7","games","subcat12","video games"
3510,"Gritti","Benito","8697.0","cat2","music","subcat2","rock"
2687,"Pizzetti","Catalina","8656.0","cat8","photography","subcat15","photography books"
2133,"Gutierrez","Lando","8645.0","cat2","music","subcat6","electric music"
4527,"Boyer","Edeltrud","8641.0","cat7","games","subcat12","video games"
5059,"Trevisan","Adelgunde","8621.0","cat4","theater","subcat4","plays"
1672,"Bell","Daniela","8588.0","cat4","theater","subcat4","plays"
2794,"Ruppert","Fidel","8558.0","cat1","food","subcat1","food trucks"
5036,"Renaud","Marisa","8550.0","cat4","theater","subcat4","plays"
4591,"Bruder","Robert","8523.0","cat5","film & video","subcat20","television"
3717,"Martin","Eugenio","8517.0","cat2","music","subcat2","rock"
4165,"Burnett","Auguste","8505.0","cat6","publishing","subcat10","nonfiction"
4401,"Puga","Ehrentraud","8501.0","cat2","music","subcat2","rock"
3074,"Cainero","Alicia","8475.0","cat4","theater","subcat4","plays"
6144,"Lawson","Lynn","8447.0","cat3","technology","subcat9","wearables"
5619,"Huerta","Desiree","8432.0","cat6","publishing","subcat19","translations"
2741,"Herrmann","Elliott","8366.0","cat4","theater","subcat4","plays"
2170,"Jennings","Nathan","8363.0","cat6","publishing","subcat10","nonfiction"
4121,"Preston","Juliette","8332.0","cat3","technology","subcat3","web"
3079,"Mota","Siegrun","8330.0","cat2","music","subcat2","rock"
2916,"Descamps","Michael","8322.0","cat4","theater","subcat4","plays"
3336,"Badoer","Jonas","8317.0","cat3","technology","subcat9","wearables"
3607,"Mazzini","Cristal","8276.0","cat2","music","subcat2","rock"
5636,"Laurent","Lothar","8262.0","cat5","film & video","subcat7","drama"
2280,"Guillon","Patricio","8244.0","cat4","theater","subcat4","plays"
3174,"Barillaro","Alexa","8219.0","cat3","technology","subcat3","web"
2736,"Leonard","Lilla","8181.0","cat7","games","subcat12","video games"
4257,"Gilbert","Louis","8161.0","cat4","theater","subcat4","plays"
4750,"Irizarry","Morgan","8158.0","cat5","film & video","subcat5","documentary"
1431,"Sykes","Micheletto","8153.0","cat3","technology","subcat3","web"
2961,"Burgess","Pia","8142.0","cat8","photography","subcat15","photography books"
4789,"Trapanese","Mark","8125.0","cat2","music","subcat8","indie rock"
1377,"Legendre","Albert","8117.0","cat1","food","subcat1","food trucks"
2462,"Leclercq","Ellinor","8109.0","cat4","theater","subcat4","plays"
1249,"Pruschke","Isabel","8092.0","cat6","publishing","subcat14","fiction"
2262,"Respighi","Homero","8089.0","cat5","film & video","subcat13","shorts"
2803,"Guilbert","Debbie","8081.0","cat5","film & video","subcat11","animation"
4797,"Schmiedecke","Troy","8053.0","cat3","technology","subcat3","web"
2960,"Taccola","Pierluigi","8046.0","cat4","theater","subcat4","plays"
5479,"Castellitto","Jonathan","8038.0","cat4","theater","subcat4","plays"
6010,"Couturier","Rodolfo","8014.0","cat4","theater","subcat4","plays"
2578,"Negrete","Holly","8010.0","cat2","music","subcat2","rock"
3264,"Heser","Martina","7992.0","cat5","film & video","subcat23","science fiction"
2288,"Zavala","Adam","7991.0","cat1","food","subcat1","food trucks"
2577,"Musatti","Austin","7966.0","cat4","theater","subcat4","plays"
1670,"Zaccagnini","Katharine","7875.0","cat5","film & video","subcat7","drama"
5140,"Green","Dario","7797.0","cat1","food","subcat1","food trucks"
3059,"Benard","Isaac","7767.0","cat8","photography","subcat15","photography books"
6122,"Pineda","Alan","7763.0","cat4","theater","subcat4","plays"
2660,"Scheibe","Joshua","7758.0","cat5","film & video","subcat5","documentary"
3815,"Richardson","Leone","7742.0","cat2","music","subcat2","rock"
1830,"Stoppani","Tomislav","7724.0","cat4","theater","subcat4","plays"
4391,"Pohl","Alfred","7664.0","cat4","theater","subcat4","plays"
5481,"Gaona","Petros","7661.0","cat7","games","subcat12","video games"
4474,"Cook","Gerda","7656.0","cat4","theater","subcat4","plays"
3521,"Stiffel","Jelena","7608.0","cat8","photography","subcat15","photography books"
1877,"Chindamo","Kirsten","7600.0","cat6","publishing","subcat10","nonfiction"
2690,"Gehringer","Nayeli","7548.0","cat5","film & video","subcat5","documentary"
4517,"Pausini","Alexander","7496.0","cat9","journalism","subcat24","audio"
5912,"Holsten","Oscar","7496.0","cat4","theater","subcat4","plays"
2090,"Morales","Alison","7465.0","cat4","theater","subcat4","plays"
1631,"Hurst","Kenneth","7438.0","cat4","theater","subcat4","plays"
2648,"Eigenwillig","Margaret","7413.0","cat5","film & video","subcat13","shorts"
5156,"Medici","Karla","7348.0","cat3","technology","subcat3","web"
5251,"Lerma","Natalie","7322.0","cat2","music","subcat8","indie rock"
2228,"Verdier","Leokadia","7227.0","cat2","music","subcat8","indie rock"
5942,"Lozano","Angelo","7220.0","cat3","technology","subcat3","web"
3263,"Meyer","Martin","7129.0","cat4","theater","subcat4","plays"
5200,"Miniati","Beth","7120.0","cat1","food","subcat1","food trucks"
4852,"Wong","Natividad","7119.0","cat5","film & video","subcat5","documentary"
4037,"Foster","Abigail","7012.0","cat7","games","subcat12","video games"
1368,"Valentine","Romina","6987.0","cat2","music","subcat2","rock"
4404,"Cundari","Emily","6927.0","cat1","food","subcat1","food trucks"
4807,"Cavazos","Ron","6924.0","cat2","music","subcat2","rock"
3390,"Trevino","Sole","6920.0","cat4","theater","subcat4","plays"
2104,"Niemeier","Liberto","6889.0","cat7","games","subcat12","video games"
3469,"Laureano","Ricciotti","6870.0","cat4","theater","subcat4","plays"
6020,"Laporte","Piermaria","6852.0","cat1","food","subcat1","food trucks"
5500,"Sanders","Vincentio","6839.0","cat5","film & video","subcat7","drama"
4220,"Weston","Mandy","6800.0","cat6","publishing","subcat19","translations"
3373,"Trobbiani","Jos","6785.0","cat4","theater","subcat4","plays"
3111,"Begue","Sevim","6775.0","cat3","technology","subcat3","web"
6179,"Barrientos","Katherina","6750.0","cat4","theater","subcat4","plays"
3646,"Nicolini","Mirco","6722.0","cat4","theater","subcat4","plays"
2642,"Ovadia","Rouven","6654.0","cat2","music","subcat2","rock"
5508,"Dossi","Vito","6631.0","cat6","publishing","subcat19","translations"
2955,"Delorme","Ernest","6623.0","cat8","photography","subcat15","photography books"
3274,"Bibi","Rolando","6608.0","cat1","food","subcat1","food trucks"
1729,"Rubio","Felix","6560.0","cat4","theater","subcat4","plays"
1867,"Rogner","Diane","6543.0","cat1","food","subcat1","food trucks"
5122,"Bonneau","Susanna","6527.0","cat4","theater","subcat4","plays"
6070,"Gierschner","Silvia","6527.0","cat4","theater","subcat4","plays"
3398,"Hentschel","Kathryn","6514.0","cat8","photography","subcat15","photography books"
2374,"Castro","Abelardo","6484.0","cat4","theater","subcat4","plays"
3443,"Etienne","Briana","6430.0","cat2","music","subcat8","indie rock"
4734,"Palladio","Paul","6423.0","cat4","theater","subcat4","plays"
4620,"Montalvo","Stanislaw","6408.0","cat4","theater","subcat4","plays"
2816,"Jacques","Rosario","6405.0","cat2","music","subcat2","rock"
4136,"Nerger","Ernesto","6401.0","cat1","food","subcat1","food trucks"
3324,"Parpinel","Ruggero","6369.0","cat4","theater","subcat4","plays"
5096,"Gutknecht","Etta","6358.0","cat4","theater","subcat4","plays"
2830,"Blanc","Rose","6357.0","cat4","theater","subcat4","plays"
2771,"Soliz","Phillip","6351.0","cat8","photography","subcat15","photography books"
5711,"Ortega","Valerie","6342.0","cat4","theater","subcat4","plays"
5238,"Briggs","Giacinto","6338.0","cat4","theater","subcat4","plays"
1850,"Begum","Charles","6338.0","cat5","film & video","subcat23","science fiction"
2212,"Lorch","Wilfrido","6336.0","cat4","theater","subcat4","plays"
4168,"Montez","Ashleigh","6303.0","cat5","film & video","subcat13","shorts"
3870,"Deleon","Isabella","6298.0","cat4","theater","subcat4","plays"
4556,"Kade","Francesca","6269.0","cat2","music","subcat18","jazz"
1757,"Rowley","Claudine","6263.0","cat4","theater","subcat4","plays"
3072,"Jaime","Kasimir","6245.0","cat5","film & video","subcat7","drama"
3569,"Solorzano","Raymond","6243.0","cat7","games","subcat12","video games"
4632,"Leonardi","Gaetano","6226.0","cat7","games","subcat12","video games"
2706,"Townsend","Mirko","6205.0","cat4","theater","subcat4","plays"
2059,"Kostolzin","Alwine","6204.0","cat2","music","subcat18","jazz"
1847,"Besnard","Christina","6178.0","cat6","publishing","subcat10","nonfiction"
5594,"Clarke","Katarina","6161.0","cat3","technology","subcat3","web"
5515,"Corrales","Sue","6134.0","cat5","film & video","subcat7","drama"
3889,"Harris","Flora","6132.0","cat4","theater","subcat4","plays"
4426,"Gurule","Phyllis","6132.0","cat4","theater","subcat4","plays"
4997,"Kroker","Grace","6115.0","cat5","film & video","subcat5","documentary"
2790,"Medina","Tadeusz","6100.0","cat2","music","subcat8","indie rock"
1558,"King","Stephanie","6089.0","cat4","theater","subcat4","plays"
5779,"Draghi","Istvan","6086.0","cat2","music","subcat8","indie rock"
5066,"Ritacca","Dana","6041.0","cat2","music","subcat6","electric music"
5642,"Coardi","Marlen","6031.0","cat4","theater","subcat4","plays"
4149,"Huet","Mattia","6024.0","cat4","theater","subcat4","plays"
4439,"Wieloch","Bernardo","6015.0","cat3","technology","subcat9","wearables"
5576,"Rosas","Patrick","6000.0","cat5","film & video","subcat11","animation"
5801,"Mielcarek","Sean","5973.0","cat4","theater","subcat4","plays"
4395,"Cisneros","Patrizio","5918.0","cat5","film & video","subcat5","documentary"
1563,"Stout","Yvonne","5916.0","cat2","music","subcat8","indie rock"
6161,"Pierce","Hazel","5897.0","cat4","theater","subcat4","plays"
4790,"Rosselli","Livio","5824.0","cat6","publishing","subcat16","radio & podcasts"
4336,"Hellwig","Ashley","5823.0","cat4","theater","subcat4","plays"
2511,"Madrigal","Janet","5803.0","cat8","photography","subcat15","photography books"
2552,"Davies","Angelina","5803.0","cat4","theater","subcat4","plays"
2075,"Corradi","Pascual","5729.0","cat4","theater","subcat4","plays"
2118,"Grassi","Senta","5696.0","cat5","film & video","subcat7","drama"
1533,"Mills","Stanley","5674.0","cat5","film & video","subcat5","documentary"
1299,"Hardy","Sandra","5629.0","cat5","film & video","subcat7","drama"
2482,"Washington","Leila","5615.0","cat4","theater","subcat4","plays"
5884,"Oliver","Hugues","5614.0","cat4","theater","subcat4","plays"
5141,"Marcacci","Baccio","5593.0","cat4","theater","subcat4","plays"
5487,"Miller","Paulina","5579.0","cat3","technology","subcat9","wearables"
2740,"Bottaro","Samira","5569.0","cat5","film & video","subcat11","animation"
2114,"Bolnbach","Timoteo","5528.0","cat2","music","subcat8","indie rock"
2912,"Gunpf","Gerd","5523.0","cat4","theater","subcat4","plays"
6036,"Hamilton","Gerardo","5488.0","cat4","theater","subcat4","plays"
6081,"Renard","Fabrizia","5487.0","cat4","theater","subcat4","plays"
4161,"Dijoux","Giorgia","5476.0","cat2","music","subcat17","metal"
3826,"Warren","Corrado","5465.0","cat2","music","subcat2","rock"
5734,"Freeman","Anna","5438.0","cat2","music","subcat2","rock"
5333,"Carroll","Gianna","5438.0","cat6","publishing","subcat10","nonfiction"
1326,"Gauthier","Volkmar","5429.0","cat2","music","subcat2","rock"
1312,"Lutz","Wolf","5421.0","cat5","film & video","subcat7","drama"
4969,"Leveque","Melanie","5415.0","cat5","film & video","subcat20","television"
4248,"Luxardo","Justin","5392.0","cat3","technology","subcat9","wearables"
3983,"Hoffmann","Kaylee","5368.0","cat3","technology","subcat9","wearables"
1478,"Proietti","Gavin","5362.0","cat4","theater","subcat4","plays"
2761,"Gallet","Laetitia","5328.0","cat2","music","subcat8","indie rock"
5441,"Vargas","Pam","5324.0","cat7","games","subcat12","video games"
2703,"Warner","Arnaude","5315.0","cat3","technology","subcat3","web"
2199,"Sorgatz","Samuel","5265.0","cat4","theater","subcat4","plays"
1268,"Tijerina","Vicente","5178.0","cat3","technology","subcat9","wearables"
2712,"Becerra","Francisca","5177.0","cat1","food","subcat1","food trucks"
5534,"Folliero","Steven","5113.0","cat5","film & video","subcat5","documentary"
4619,"Riley","Amador","5112.0","cat5","film & video","subcat5","documentary"
1376,"Scott","Edward","5107.0","cat5","film & video","subcat5","documentary"
6105,"Strong","Johanne","5098.0","cat4","theater","subcat4","plays"
5102,"Rees","Mario","5085.0","cat3","technology","subcat3","web"
4184,"Dawson","Mirjam","5037.0","cat2","music","subcat2","rock"
6155,"Armenta","Guenther","5033.0","cat3","technology","subcat9","wearables"
4020,"Conley","Lodovico","5028.0","cat2","music","subcat8","indie rock"
3477,"Lane","John","5027.0","cat4","theater","subcat4","plays"
6013,"Girschner","Alberto","4997.0","cat8","photography","subcat15","photography books"
5370,"Toussaint","Erika","4932.0","cat5","film & video","subcat5","documentary"
4088,"Schneider","Fortunata","4929.0","cat4","theater","subcat4","plays"
5765,"Roy","Harald","4899.0","cat6","publishing","subcat16","radio & podcasts"
4530,"Salazar","Arthur","4899.0","cat4","theater","subcat4","plays"
4922,"Savorgnan","Thibault","4896.0","cat2","music","subcat2","rock"
2984,"Grant","Kristi","4883.0","cat2","music","subcat2","rock"
2793,"Vaca","Philippine","4853.0","cat4","theater","subcat4","plays"
1486,"Reeves","Caroline","4832.0","cat5","film & video","subcat7","drama"
5784,"Migliaccio","Gelsomina","4814.0","cat4","theater","subcat4","plays"
5707,"Kim","Ryan","4797.0","cat4","theater","subcat4","plays"
2812,"Schuchhardt","Diana","4776.0","cat2","music","subcat17","metal"
3489,"Olivier","Seth","4756.0","cat1","food","subcat1","food trucks"
1501,"Raymond","Alma","4712.0","cat6","publishing","subcat10","nonfiction"
5871,"Velasquez","Matthew","4710.0","cat3","technology","subcat9","wearables"
3850,"Schacht","Evan","4678.0","cat3","technology","subcat3","web"
3572,"Frey","Rebeca","4667.0","cat8","photography","subcat15","photography books"
1638,"Moran","Sandro","4640.0","cat2","music","subcat2","rock"
5388,"Scaduto","Pierpaolo","4613.0","cat5","film & video","subcat23","science fiction"
1498,"Pereira","Evangelista","4603.0","cat4","theater","subcat4","plays"
3565,"Harvey","Leonard","4596.0","cat9","journalism","subcat24","audio"
5739,"Trommler","Jeffrey","4531.0","cat7","games","subcat12","video games"
5008,"Caetani","Virginia","4530.0","cat4","theater","subcat4","plays"
2026,"Gaito","Marissa","4509.0","cat7","games","subcat12","video games"
5645,"Anders","Daniel","4477.0","cat8","photography","subcat15","photography books"
4736,"Torres","Andrew","4460.0","cat5","film & video","subcat11","animation"
5124,"Fouquet","Harry","4432.0","cat6","publishing","subcat14","fiction"
5686,"Lee","Giuseppe","4414.0","cat4","theater","subcat4","plays"
4499,"Cattaneo","Zaira","4393.0","cat6","publishing","subcat10","nonfiction"
3353,"Benedetti","Allegra","4323.0","cat2","music","subcat2","rock"
4323,"Trevisani","Karl","4300.0","cat3","technology","subcat3","web"
5261,"Mcdonald","Matthieu","4275.0","cat7","games","subcat21","mobile games"
1243,"Yoder","Flavia","4257.0","cat2","music","subcat2","rock"
3978,"Alfonsi","Adela","4253.0","cat7","games","subcat12","video games"
3604,"Wagner","Martino","4247.0","cat2","music","subcat2","rock"
2487,"Junk","Mitzy","4126.0","cat5","film & video","subcat5","documentary"
2269,"Traetta","Laure","4124.0","cat2","music","subcat6","electric music"
5264,"Meraz","Brandy","4119.0","cat4","theater","subcat4","plays"
3144,"Vasari","Lawrence","4044.0","cat4","theater","subcat4","plays"
3254,"Walker","Greco","4022.0","cat5","film & video","subcat11","animation"
1281,"Ortiz","Mauro","4008.0","cat4","theater","subcat4","plays"
2580,"Chavez","Edeltraud","3988.0","cat4","theater","subcat4","plays"
1810,"Valencia","Reece","3984.0","cat3","technology","subcat9","wearables"
1300,"Almaraz","Nanni","3930.0","cat4","theater","subcat4","plays"
3136,"Boyd","Cheryl","3851.0","cat4","theater","subcat4","plays"
4109,"Barbe","Gottfried","3841.0","cat3","technology","subcat3","web"
1383,"Garcia","Heiderose","3840.0","cat4","theater","subcat4","plays"
5343,"Ramirez","Terry","3839.0","cat7","games","subcat12","video games"
6047,"Weihmann","Roland","3834.0","cat4","theater","subcat4","plays"
1890,"Stiebitz","Brigitte","3755.0","cat5","film & video","subcat5","documentary"
5427,"Klapp","Jack","3676.0","cat4","theater","subcat4","plays"
3321,"Nicolas","Tony","3589.0","cat5","film & video","subcat11","animation"
1798,"Escalante","Guarino","3534.0","cat3","technology","subcat3","web"
5652,"Mccullough","Nicole","3525.0","cat2","music","subcat2","rock"
5900,"Richards","Georges","3496.0","cat4","theater","subcat4","plays"
2441,"Willis","Espartaco","3496.0","cat6","publishing","subcat14","fiction"
4524,"Holmes","Zbigniew","3431.0","cat4","theater","subcat4","plays"
1652,"Jenkins","Rudolf","3406.0","cat4","theater","subcat4","plays"
4213,"Petrucelli","Olivier","3352.0","cat4","theater","subcat4","plays"
3339,"Berry","Santiago","3351.0","cat4","theater","subcat4","plays"
2942,"Crawford","Lorraine","3349.0","cat3","technology","subcat9","wearables"
4603,"Bates","Alf","3326.0","cat5","film & video","subcat11","animation"
1399,"Quinn","Luc","3301.0","cat4","theater","subcat4","plays"
3863,"Blanchard","Romana","3295.0","cat5","film & video","subcat13","shorts"
1786,"Barbier","Alban","3260.0","cat5","film & video","subcat20","television"
3289,"Maillot","Ben","3251.0","cat3","technology","subcat3","web"
2777,"Zambrano","Erica","3232.0","cat4","theater","subcat4","plays"
6191,"Camiscione","Slobodan","3227.0","cat4","theater","subcat4","plays"
2215,"Lowe","Samantha","3220.0","cat4","theater","subcat4","plays"
5468,"Ladeck","Danielle","3208.0","cat2","music","subcat6","electric music"
4337,"Lira","Marion","3208.0","cat5","film & video","subcat20","television"
1409,"Ojeda","Victoria","3188.0","cat4","theater","subcat4","plays"
5713,"Carbajal","Tobias","3174.0","cat5","film & video","subcat11","animation"
4762,"Anaya","Aaron","3144.0","cat2","music","subcat2","rock"
4464,"Johnson","Leopoldo","3127.0","cat3","technology","subcat9","wearables"
4328,"Marie","Federico","3087.0","cat2","music","subcat8","indie rock"
3486,"Carpentier","Anel","3079.0","cat5","film & video","subcat20","television"
2896,"Maestas","Mathew","3045.0","cat5","film & video","subcat7","drama"
4904,"Benavides","Caleb","3030.0","cat4","theater","subcat4","plays"
3963,"Hayes","Nancy","3012.0","cat2","music","subcat8","indie rock"
3057,"Armstrong","Clara","2991.0","cat2","music","subcat8","indie rock"
3333,"Jordan","Craig","2960.0","cat4","theater","subcat4","plays"
2987,"Siering","Maximilian","2950.0","cat2","music","subcat2","rock"
3451,"Dumas","Babette","2946.0","cat5","film & video","subcat13","shorts"
1891,"Kambs","Reingard","2912.0","cat4","theater","subcat4","plays"
2632,"Tejada","Yeni","2884.0","cat2","music","subcat8","indie rock"
1302,"Durand","Bernard","2809.0","cat2","music","subcat8","indie rock"
2545,"Harding","Yvette","2778.0","cat1","food","subcat1","food trucks"
5318,"Poerio","Reiner","2769.0","cat4","theater","subcat4","plays"
5810,"Arreola","Karina","2758.0","cat2","music","subcat8","indie rock"
4995,"Ross","Bryan","2734.0","cat3","technology","subcat3","web"
2368,"Cuzzocrea","Meta","2721.0","cat5","film & video","subcat7","drama"
4798,"Vespucci","Zachary","2708.0","cat5","film & video","subcat5","documentary"
3657,"Seifert","Natalia","2703.0","cat8","photography","subcat15","photography books"
2166,"Tate","Jemma","2625.0","cat4","theater","subcat4","plays"
3273,"Karge","Federigo","2594.0","cat4","theater","subcat4","plays"
2651,"Khan","Vanesa","2538.0","cat4","theater","subcat4","plays"
5991,"Garrett","Kristie","2533.0","cat6","publishing","subcat10","nonfiction"
2785,"Fiebig","Courtney","2529.0","cat2","music","subcat18","jazz"
4749,"Mccarty","Jo","2505.0","cat7","games","subcat12","video games"
4941,"Iannotti","Jeanette","2477.0","cat2","music","subcat2","rock"
4181,"Alvarez","Nathalie","2461.0","cat2","music","subcat6","electric music"
5027,"Ramazzotti","Tammy","2459.0","cat4","theater","subcat4","plays"
1639,"Armani","Gary","2445.0","cat2","music","subcat8","indie rock"
2373,"Fletcher","Brunhilde","2437.0","cat4","theater","subcat4","plays"
1803,"Simmons","Alphons","2289.0","cat4","theater","subcat4","plays"
4025,"Guerin","Imelda","2241.0","cat3","technology","subcat9","wearables"
3849,"Middleton","Reina","2212.0","cat8","photography","subcat15","photography books"
3432,"Watson","Penny","2148.0","cat5","film & video","subcat5","documentary"
4881,"Comboni","Fridolin","2129.0","cat4","theater","subcat4","plays"
5983,"Pulido","Damian","2111.0","cat8","photography","subcat15","photography books"
3916,"Farrell","Danny","2097.0","cat5","film & video","subcat13","shorts"
3016,"Farmer","Alain","2091.0","cat3","technology","subcat9","wearables"
1419,"Meunier","Jessika","2064.0","cat2","music","subcat8","indie rock"
3713,"Burns","Donatella","1985.0","cat4","theater","subcat4","plays"
4093,"Zoppetto","Marie","1980.0","cat5","film & video","subcat23","science fiction"
5472,"Tessier","Javier","1954.0","cat1","food","subcat1","food trucks"
2809,"Neal","Lauretta","1953.0","cat8","photography","subcat15","photography books"
3012,"Gotthard","Raphaela","1930.0","cat2","music","subcat8","indie rock"
3164,"Patterson","Elaine","1914.0","cat4","theater","subcat4","plays"
2906,"Kitzmann","Puccio","1901.0","cat4","theater","subcat4","plays"
1241,"Robertson","Hartmuth","1870.0","cat4","theater","subcat4","plays"
2385,"Carrillo","Gunhild","1863.0","cat6","publishing","subcat19","translations"
6033,"Verdugo","Chelsea","1848.0","cat4","theater","subcat4","plays"
2404,"Campos","Enzio","1843.0","cat4","theater","subcat4","plays"
2594,"Carr","Caridad","1768.0","cat3","technology","subcat9","wearables"
5726,"Polanco","Helen","1763.0","cat5","film & video","subcat7","drama"
1244,"Millet","Donatello","1744.0","cat3","technology","subcat9","wearables"
3540,"Baker","Leon","1690.0","cat4","theater","subcat4","plays"
3814,"Chan","Kimberly","1667.0","cat5","film & video","subcat11","animation"
1487,"Bustos","Wendy","1620.0","cat4","theater","subcat4","plays"
6202,"Odonnell","Evelin","1599.0","cat2","music","subcat2","rock"
4033,"Carriera","Ruby","1592.0","cat4","theater","subcat4","plays"
5171,"Boito","Maggie","1586.0","cat7","games","subcat12","video games"
3599,"Venier","Ria","1583.0","cat1","food","subcat1","food trucks"
1321,"Bajardi","Graham","1577.0","cat1","food","subcat1","food trucks"
6028,"Berthelot","Jean","1557.0","cat4","theater","subcat4","plays"
2996,"Weitzel","Timothy","1546.0","cat2","music","subcat18","jazz"
1346,"Querini","Florencia","1518.0","cat4","theater","subcat4","plays"
4548,"Liebelt","Patricia","1517.0","cat2","music","subcat2","rock"
3331,"Ocasio","Arnaldo","1479.0","cat2","music","subcat8","indie rock"
3667,"Serna","Gretchen","1424.0","cat4","theater","subcat4","plays"
3699,"Delattre","Eduardo","1414.0","cat5","film & video","subcat20","television"
2873,"Cignaroli","Bonnie","1343.0","cat8","photography","subcat15","photography books"
3710,"West","Dragica","1332.0","cat4","theater","subcat4","plays"
5373,"Faulkner","Clelia","1307.0","cat4","theater","subcat4","plays"
5109,"Best","Alexandria","1269.0","cat2","music","subcat2","rock"
3723,"Canova","Melinda","1269.0","cat4","theater","subcat4","plays"
5443,"Perry","Shelley","1260.0","cat4","theater","subcat4","plays"
3857,"Mendez","Yves","1210.0","cat3","technology","subcat3","web"
3910,"Clark","Hilary","1146.0","cat8","photography","subcat15","photography books"
2601,"Roero","Lorenzo","1136.0","cat4","theater","subcat4","plays"
1471,"Ruiz","Greca","1101.0","cat4","theater","subcat4","plays"
5889,"Murray","Carolina","1090.0","cat5","film & video","subcat5","documentary"
1906,"Farinelli","Kaitlyn","1065.0","cat4","theater","subcat4","plays"
2670,"Granados","Trevor","1022.0","cat5","film & video","subcat7","drama"
5044,"Georges","Amy","1017.0","cat5","film & video","subcat5","documentary"
2093,"Bernetti","Nicolaus","1012.0","cat2","music","subcat17","metal"
5818,"Gough","Scott","1002.0","cat4","theater","subcat4","plays"
3460,"Blanchet","Silvano","977.0","cat4","theater","subcat4","plays"
5075,"Bachmann","Mitchell","968.0","cat2","music","subcat2","rock"
1424,"Patberg","Sonja","968.0","cat2","music","subcat2","rock"
4708,"Magrassi","Toni","961.0","cat4","theater","subcat4","plays"
6084,"Bowers","Angela","959.0","cat2","music","subcat2","rock"
6229,"Francis","Eva","943.0","cat4","theater","subcat4","plays"
5842,"Hartung","Mohammad","903.0","cat2","music","subcat2","rock"
5874,"Naccari","Ludger","903.0","cat4","theater","subcat4","plays"
2066,"Fagotto","Lori","837.0","cat3","technology","subcat3","web"
3992,"Carrero","Marzena","824.0","cat5","film & video","subcat23","science fiction"
3651,"Dias","Agathe","795.0","cat6","publishing","subcat16","radio & podcasts"
5745,"Schwital","Gioele","773.0","cat4","theater","subcat4","plays"
2444,"Lewis","Lewis","735.0","cat4","theater","subcat4","plays"
3233,"Ferreira","Leonor","718.0","cat5","film & video","subcat20","television"
5565,"Kuhl","Megan","717.0","cat1","food","subcat1","food trucks"
1657,"Padilla","Gabriela","709.0","cat6","publishing","subcat10","nonfiction"
5469,"Weiss","Aleksandr","702.0","cat6","publishing","subcat19","translations"
1494,"Trincavelli","Iris","689.0","cat6","publishing","subcat14","fiction"
1941,"Travaglio","Nadia","680.0","cat4","theater","subcat4","plays"
5362,"Pena","Birgit","667.0","cat4","theater","subcat4","plays"
1665,"Murialdo","Margaretha","663.0","cat5","film & video","subcat5","documentary"
4613,"Randall","Berthold","622.0","cat5","film & video","subcat11","animation"
6222,"Reid","Hanna","574.0","cat7","games","subcat12","video games"
3131,"Rudolph","David","557.0","cat4","theater","subcat4","plays"
4407,"Gute","Maurizio","540.0","cat1","food","subcat1","food trucks"
5216,"Stanley","Tonino","521.0","cat6","publishing","subcat19","translations"
4617,"Cardenas","Pierre","514.0","cat4","theater","subcat4","plays"
2122,"Jensen","Graziano","504.0","cat4","theater","subcat4","plays"
2030,"Lamborghini","Rosl","5.0","cat4","theater","subcat4","plays"
4722,"Coles","Julie","5.0","cat1","food","subcat1","food trucks"
5136,"Schultz","Benjamin","5.0","cat2","music","subcat18","jazz"
5559,"Collins","Mirjana","5.0","cat6","publishing","subcat10","nonfiction"
6196,"Leblanc","Dale","4.0","cat2","music","subcat8","indie rock"
3858,"Benigni","Suzanne","4.0","cat5","film & video","subcat11","animation"
6147,"Fox","Roy","3.0","cat2","music","subcat2","rock"
4561,"Lachmann","Sabine","3.0","cat3","technology","subcat9","wearables"
3855,"Key","Vincenza","2.0","cat4","theater","subcat4","plays"
3415,"Vercelloni","Augusto","2.0","cat3","technology","subcat3","web"
5721,"Moore","Odette","2.0","cat8","photography","subcat15","photography books"
3418,"Hartmann","Bethany","2.0","cat2","music","subcat18","jazz"
3714,"Christian","Nicholas","2.0","cat2","music","subcat17","metal"
3229,"Liguori","Rembrandt","1.0","cat2","music","subcat2","rock"
5758,"Griffiths","Fiona","1.0","cat4","theater","subcat4","plays"
2184,"Watkins","Israel","1.0","cat2","music","subcat6","electric music"
3440,"Shaw","Brigitta","1.0","cat2","music","subcat2","rock"
3329,"Steele","Uberto","1.0","cat2","music","subcat2","rock"
3697,"Mortati","Rico","0.0","cat4","theater","subcat4","plays"
4661,"Velasco","Cecilia","0.0","cat1","food","subcat1","food trucks"
